,city,station,category,avg,std,skew,n,min,max99,True_max,median,mode,AAOMM,AAO90,95Q,ACDO90,ACDOMM,Urange,Delta,RHavgOverall
0,0,0,0,0,0,0,0,0,0,0,0,0,0,0,0,0,0,0,0,0
1,"Miami, FL",MIA LCD,Tmax,83.01697235,6.752780201,-0.95298081,3653,44,94.95348837,98,84,89,328.8,33,92,4.070422535,0,14.98302765,11.93651602,72.39957584
