,city,station,category,avg,std,skew,n,min,max99,True_max,median,mode,AAOMM,AAO90,95Q,ACDO90,ACDOMM,Urange,Delta,RHavgOverall
0,0,0,0,0,0,0,0,0,0,0,0,0,0,0,0,0,0,0,0,0
1,"Miami, FL",MIA LCD,Tavg,75.78709732,7.349923866,-1.175210091,3653,36.83333333,86.26602564,87.25,77.16666667,77.91666667,328.8,0,84.66666667,0,0,11.46290268,10.47892833,72.39957584
