,city,station,category,avg,std,skew,n,min,max99,True_max,median,mode,AAOMM,AAO90,95Q,ACDO90,ACDOMM,Urange,Delta,RHavgOverall
0,0,0,0,0,0,0,0,0,0,0,0,0,0,0,0,0,0,0,0,0
1,"Miami, FL",MIA LCD,RHavg,72.39700061,8.455305182,-0.410473467,3653,39.875,92.37214912,97.875,72.91666667,75.04166667,328.8,3.9,85.426,2.5,0,25.47799939,19.97514851,72.39957584
